{"cameraMode":{"drawMode":0,"name":"Shaded","section":"Shading Mode"},"sceneLighting":true,"audioPlay":false,"sceneViewState":{"showFog":true,"showMaterialUpdate":false,"showSkybox":true,"showFlares":true,"showImageEffects":true,"showParticleSystems":true},"in2DMode":false,"pivot":{"x":-1.4233250617980958,"y":-10.596996307373047,"z":13.234447479248047},"rotation":{"x":-0.3089268207550049,"y":0.04333893954753876,"z":-0.014106630347669125,"w":-0.9500080943107605},"size":27.97711944580078,"orthographic":false}