{"cameraMode":{"drawMode":0,"name":"Shaded","section":"Shading Mode"},"sceneLighting":false,"audioPlay":false,"sceneViewState":{"showFog":true,"showMaterialUpdate":false,"showSkybox":false,"showFlares":true,"showImageEffects":true,"showParticleSystems":true},"in2DMode":false,"pivot":{"x":-17.40365982055664,"y":1.8605759143829346,"z":9.315489768981934},"rotation":{"x":-0.2962568700313568,"y":-0.686693012714386,"z":0.36831405758857729,"w":-0.5523439049720764},"size":2.8578836917877199,"orthographic":false}