{"cameraMode":{"drawMode":0,"name":"Shaded","section":"Shading Mode"},"sceneLighting":true,"audioPlay":false,"sceneViewState":{"showFog":true,"showMaterialUpdate":false,"showSkybox":true,"showFlares":true,"showImageEffects":true,"showParticleSystems":true},"in2DMode":false,"pivot":{"x":38.150455474853519,"y":2.6907224655151369,"z":43.432315826416019},"rotation":{"x":0.05691270902752876,"y":-0.8994906544685364,"z":-0.41536304354667666,"w":-0.1232823058962822},"size":11.945088386535645,"orthographic":false}