{"cameraMode":{"drawMode":0,"name":"Shaded","section":"Shading Mode"},"sceneLighting":false,"audioPlay":false,"sceneViewState":{"showFog":true,"showMaterialUpdate":false,"showSkybox":false,"showFlares":true,"showImageEffects":true,"showParticleSystems":true},"in2DMode":false,"pivot":{"x":-5.357025146484375,"y":9.842456817626954,"z":4.4249267578125},"rotation":{"x":0.012599700130522251,"y":0.020089484751224519,"z":0.00024055337416939437,"w":-0.9997305274009705},"size":265.4723205566406,"orthographic":false}