{"cameraMode":{"drawMode":0,"name":"Shaded","section":"Shading Mode"},"sceneLighting":false,"audioPlay":false,"sceneViewState":{"showFog":true,"showMaterialUpdate":false,"showSkybox":false,"showFlares":true,"showImageEffects":true,"showParticleSystems":true},"in2DMode":false,"pivot":{"x":2.056546449661255,"y":0.08261227607727051,"z":-0.08443903923034668},"rotation":{"x":-0.6793273687362671,"y":-0.04787495732307434,"z":0.04449460655450821,"w":-0.7309473752975464},"size":2.6334521770477297,"orthographic":false}