{"cameraMode":{"drawMode":0,"name":"Shaded","section":"Shading Mode"},"sceneLighting":false,"audioPlay":false,"sceneViewState":{"showFog":true,"showMaterialUpdate":false,"showSkybox":false,"showFlares":true,"showImageEffects":true,"showParticleSystems":true},"in2DMode":false,"pivot":{"x":-0.22206343710422517,"y":-1.2283906936645508,"z":-0.8914868831634522},"rotation":{"x":0.02536979876458645,"y":-0.9004529714584351,"z":0.4309752285480499,"w":0.05300408974289894},"size":6.278775215148926,"orthographic":false}