{"cameraMode":{"drawMode":0,"name":"Shaded","section":"Shading Mode"},"sceneLighting":false,"audioPlay":false,"sceneViewState":{"showFog":true,"showMaterialUpdate":false,"showSkybox":false,"showFlares":true,"showImageEffects":true,"showParticleSystems":true},"in2DMode":false,"pivot":{"x":-0.2579296827316284,"y":-4.14243745803833,"z":1.3542566299438477},"rotation":{"x":-0.3738462030887604,"y":-0.07030154764652252,"z":0.02842547558248043,"w":-0.9243975281715393},"size":16.111858367919923,"orthographic":false}