{"cameraMode":{"drawMode":0,"name":"Shaded","section":"Shading Mode"},"sceneLighting":true,"audioPlay":false,"sceneViewState":{"showFog":true,"showMaterialUpdate":false,"showSkybox":true,"showFlares":true,"showImageEffects":true,"showParticleSystems":true},"in2DMode":false,"pivot":{"x":3.346874237060547,"y":0.6840658187866211,"z":-3.3338918685913088},"rotation":{"x":-0.23921304941177369,"y":0.7065686583518982,"z":-0.2796016037464142,"w":-0.6044943928718567},"size":12.220830917358399,"orthographic":false}