{"cameraMode":{"drawMode":0,"name":"Shaded","section":"Shading Mode"},"sceneLighting":false,"audioPlay":false,"sceneViewState":{"showFog":true,"showMaterialUpdate":false,"showSkybox":false,"showFlares":true,"showImageEffects":true,"showParticleSystems":true},"in2DMode":false,"pivot":{"x":2.0299999713897707,"y":0.09200000017881394,"z":0.0},"rotation":{"x":-0.6521174907684326,"y":0.03566300496459007,"z":-0.030734749510884286,"w":-0.7566817998886108},"size":2.3334522247314455,"orthographic":false}