{"cameraMode":{"drawMode":0,"name":"Shaded","section":"Shading Mode"},"sceneLighting":false,"audioPlay":false,"sceneViewState":{"showFog":true,"showMaterialUpdate":false,"showSkybox":false,"showFlares":true,"showImageEffects":true,"showParticleSystems":true},"in2DMode":false,"pivot":{"x":-7.136812686920166,"y":-13.36075496673584,"z":6.647491455078125},"rotation":{"x":-0.012889954261481762,"y":0.03358322009444237,"z":-0.0004457595350686461,"w":-0.9993665814399719},"size":151.5438690185547,"orthographic":false}