{"cameraMode":{"drawMode":0,"name":"Shaded","section":"Shading Mode"},"sceneLighting":false,"audioPlay":false,"sceneViewState":{"showFog":true,"showMaterialUpdate":false,"showSkybox":false,"showFlares":true,"showImageEffects":true,"showParticleSystems":true},"in2DMode":false,"pivot":{"x":0.10934668779373169,"y":2.9962527751922609,"z":0.0989227294921875},"rotation":{"x":-0.012571495026350022,"y":0.0689399242401123,"z":0.0008687864174135029,"w":0.9975427985191345},"size":2.7983505725860597,"orthographic":false}