{"cameraMode":{"drawMode":0,"name":"Shaded","section":"Shading Mode"},"sceneLighting":false,"audioPlay":false,"sceneViewState":{"showFog":true,"showMaterialUpdate":false,"showSkybox":false,"showFlares":true,"showImageEffects":true,"showParticleSystems":true},"in2DMode":false,"pivot":{"x":0.14012479782104493,"y":2.515186309814453,"z":0.34346604347229006},"rotation":{"x":0.23621591925621034,"y":-0.24881801009178163,"z":0.06271126866340637,"w":0.9372132420539856},"size":5.020888805389404,"orthographic":false}