{"cameraMode":{"drawMode":0,"name":"Shaded","section":"Shading Mode"},"sceneLighting":false,"audioPlay":false,"sceneViewState":{"showFog":true,"showMaterialUpdate":false,"showSkybox":false,"showFlares":true,"showImageEffects":true,"showParticleSystems":true},"in2DMode":false,"pivot":{"x":0.0739285945892334,"y":0.3900703191757202,"z":-0.10924547910690308},"rotation":{"x":0.010194647125899792,"y":-0.8996911644935608,"z":0.021061092615127565,"w":0.43593844771385195},"size":1.3578839302062989,"orthographic":false}