{"cameraMode":{"drawMode":0,"name":"Shaded","section":"Shading Mode"},"sceneLighting":false,"audioPlay":false,"sceneViewState":{"showFog":true,"showMaterialUpdate":false,"showSkybox":false,"showFlares":true,"showImageEffects":true,"showParticleSystems":true},"in2DMode":false,"pivot":{"x":0.9359898567199707,"y":1.0138918161392213,"z":-0.42389219999313357},"rotation":{"x":0.08788268268108368,"y":0.7956249117851257,"z":-0.11902663111686707,"w":0.5874454975128174},"size":3.6437060832977297,"orthographic":false}